{"cameraMode":{"drawMode":0,"name":"Shaded","section":"Shading Mode"},"sceneLighting":true,"audioPlay":false,"sceneViewState":{"m_AlwaysRefresh":false,"showFog":true,"showSkybox":true,"showFlares":true,"showImageEffects":true,"showParticleSystems":true,"showVisualEffectGraphs":true,"m_FxEnabled":true},"in2DMode":false,"pivot":{"x":226.5030059814453,"y":127.86946105957031,"z":-449.51318359375},"rotation":{"x":-0.07118711620569229,"y":0.019117441028356553,"z":0.0013622898841276765,"w":0.9972962141036987},"size":6.802077770233154,"orthographic":false}